fy,model,n,default_rate,auc,ks,mean_predicted,logloss,brier,cal_intercept,cal_slope,ece
2015,M0 constant,55357,0.03905558465957332,0.5,0.026841811049166386,0.04972057238804099,0.16622635138033395,0.037643987929720596,-0.2525933908828759,,0.010664987728467686
2015,M1 interest rate,55357,0.03905558465957332,0.6495700544633619,0.2734443961481151,0.03844845481788316,0.16157788973976409,0.03738748680277033,0.01658742200719865,0.73539243628126,0.012309158196734758
2015,M2 scorecard,55357,0.03905558465957332,0.6508711468521339,0.22120620039077427,0.03758891777979894,0.15998157143815067,0.037186674229483636,0.04047324610582938,0.8218962702610858,0.004773003372489431
2015,M3 boosting,55357,0.03905558465957332,0.6443419082166664,0.21228048514015463,0.03639377578860938,0.16116509552257027,0.037322676372382256,0.07499246732194606,0.6848720815623748,0.007306393398613019
2016,M0 constant,56736,0.038969966159052453,0.5,0.020367712519060277,0.04293531640241337,0.16485394387330532,0.037467031899167294,-0.10103814451000397,,0.003965350243360906
2016,M1 interest rate,56736,0.038969966159052453,0.6563491325830935,0.29296423969934005,0.037758185074343045,0.16089767799408103,0.03724950678237812,0.03323495274398856,0.8740889263749549,0.01378348221579878
2016,M2 scorecard,56736,0.038969966159052453,0.685108068096017,0.2796614650892095,0.038555917751356444,0.1568481906204014,0.03690119288739579,0.01130365347000912,1.0115444714734187,0.0051514608828473205
2016,M3 boosting,56736,0.038969966159052453,0.6844684998997344,0.28834487062001485,0.035959895376118434,0.15725500199172812,0.036979443092290204,0.0851003837557285,0.9337809620598869,0.006649975391558795
2017,M0 constant,56059,0.04366827806418238,0.5,0.033295306738215735,0.039836986664737506,0.1796180826398137,0.04177603834887909,0.09582437542179575,,0.005174600929940843
2017,M1 interest rate,56059,0.04366827806418238,0.6641638803152655,0.2896892395266165,0.04078130130682837,0.17282928017127921,0.04127826309422678,0.07203507464791721,1.2902097975084206,0.009868168572580518
2017,M2 scorecard,56059,0.04366827806418238,0.6786894018859899,0.2765111491239909,0.03503139008466017,0.17282849485169238,0.04129732546860941,0.2334713596595004,0.9472506993968748,0.010992655782208462
2017,M3 boosting,56059,0.04366827806418238,0.673604314388704,0.25359617478024643,0.03387705586239167,0.17292994626214495,0.04127659427346804,0.2686636998438513,0.9512821583824285,0.010358928801598822
2018,M0 constant,54168,0.04703884212080933,0.5,0.014717805579597787,0.03769887018676504,0.19081946240333797,0.04491342452847165,0.23109684437291447,,0.00933997193404429
2018,M1 interest rate,54168,0.04703884212080933,0.6215155910813048,0.20085606262890815,0.049135138149711204,0.18547159191491078,0.04447701994836588,-0.046068778239158045,1.2454449284580575,0.005858447017613462
2018,M2 scorecard,54168,0.04703884212080933,0.6967318458095842,0.31449400491576834,0.03800568101937596,0.1804544413319597,0.04410875215667667,0.22594416379202004,1.203330463525861,0.011491087654744186
2018,M3 boosting,54168,0.04703884212080933,0.6801969143243981,0.2708461848662214,0.03665128697322141,0.18212218664325758,0.04425206286968195,0.2654152188510313,0.9552553439740858,0.010862607733461194
2019,M0 constant,45601,0.039626323984123156,0.5,0.030804645859334623,0.037248154915873646,0.16683205431030046,0.038061734119745644,0.06436446793943648,,0.0027468603542096987
2019,M1 interest rate,45601,0.039626323984123156,0.59599439863835,0.1720123790309812,0.05751436525135517,0.16785202232705204,0.03823345659553796,-0.3926359061967549,1.2808329136081895,0.017990016637085708
2019,M2 scorecard,45601,0.039626323984123156,0.6817180483694868,0.26930950734053755,0.041357142591435865,0.15910222756595863,0.037513431604573995,-0.045155601306870755,1.1367251846727848,0.005385181418636523
2019,M3 boosting,45601,0.039626323984123156,0.6647610932089638,0.23924913943453982,0.03970630006231782,0.1603254018808282,0.037629058634970236,-0.0021377989438946506,0.8976600893088086,0.004964002217362257
2020,M0 constant,36368,0.02634183897932248,0.5,0.1369903645868647,0.03762422383594184,0.12374412315035246,0.025775238706562804,-0.3681448669394632,,0.011282384856619362
2020,M1 interest rate,36368,0.02634183897932248,0.7014584742170306,0.31856752306267355,0.04084233655501045,0.11891330715329719,0.025537320259791774,-0.4572634668673884,1.5102667450975487,0.014500497575687969
2020,M2 scorecard,36368,0.02634183897932248,0.736883121017794,0.3692590053055793,0.03319868047090449,0.11374067461349359,0.025191173909498904,-0.24221058998641012,1.2396021784303473,0.0068568414915820075
2020,M3 boosting,36368,0.02634183897932248,0.7376745655869006,0.35571282778121366,0.03324699761377285,0.11314812268352145,0.02517475962219013,-0.24553128339679448,1.065225065138332,0.006905158634450371
