approve_share,default_rate,lender_loss_per_100,dollars_approved,policy
0.5,0.01904774424229677,0.1873370024697692,108504393543.0,model
0.55,0.0206622928094265,0.20367479532980048,112452801043.0,model
0.6,0.022746940966402663,0.21784236072685018,115560121943.0,model
0.65,0.024465713115624385,0.23164614993367877,118127956043.0,model
0.7,0.026328267676981074,0.24699594284610862,120272231043.0,model
0.75,0.02815302979182094,0.2603851955412724,122082982543.0,model
0.8,0.03038643393815907,0.27426124832935395,123590764843.0,model
0.85,0.032701066322309257,0.28869588827253473,124903507743.0,model
0.9,0.03515312624379699,0.30204755203531897,126002605243.0,model
0.95,0.037440110697915766,0.3133210754595665,126926447343.0,model
1.0,0.039876564713150986,0.32261868455183157,127682009743.0,model
0.5,0.01860737196340309,0.17339667538996228,90474269400.0,interest rate
0.55,0.020255978202416376,0.1872616610103015,97242092643.0,interest rate
0.6,0.023190596689561492,0.2053383940887027,103566976643.0,interest rate
0.65,0.025224104718712555,0.22320856987571847,110102703843.0,interest rate
0.7,0.027619329305221055,0.23879906254437153,116519096243.0,interest rate
0.75,0.029756766586187706,0.25938796580561946,120798909543.0,interest rate
0.8,0.03148325398162108,0.2759954385480949,124105434843.0,interest rate
0.85,0.03293690990775036,0.290814284412211,125980761743.0,interest rate
0.9,0.03474050515046064,0.30373109858756026,126922751043.0,interest rate
0.95,0.03705266799273545,0.31287151192222107,127354648743.0,interest rate
1.0,0.039876564713150986,0.32261868455183157,127682009743.0,interest rate
