segment,level,loans,defaults,auc,observed,predicted,flag_few_defaults,obs_over_pred
region,Midwest,73694,2337,0.645176969677061,0.0317122153770999,0.034783175822477544,False,0.9117113267330487
region,Northeast,59988,2362,0.6790584328805621,0.039374541574981665,0.03300724782905807,False,1.1929059271739137
region,South,86353,4287,0.6862940813123206,0.04964506154968559,0.041638295597977965,False,1.1922933164463256
region,Territories/other,2408,61,0.6265759567498097,0.025332225913621262,0.06260728434925121,False,0.4046210624998022
region,West,81846,3087,0.7018960483423631,0.037717176160105566,0.03780797040359149,False,0.9975985422513635
size_band,<50k,94443,5183,0.6198954410195624,0.05487966286543206,0.05257904406983621,False,1.0437554321554445
size_band,50-150k,74622,4023,0.6215976537436687,0.053911715043820856,0.04298580095521072,False,1.254174956516326
size_band,150-500k,70788,2352,0.6344628079693506,0.033225970503475165,0.02909655497397915,False,1.1419211151694393
size_band,500k+,64436,576,0.6334407324398859,0.008939102365137501,0.017863233852247504,False,0.5004190416514537
business_age,existing,195360,6868,0.6996623430600973,0.035155610155610154,0.03313587847202984,False,1.0609530145785988
business_age,startup,48665,2339,0.6401297802917506,0.0480632898386931,0.03862849222608731,False,1.2442445218256308
business_age,unanswered,32382,1592,0.6614819489620888,0.04916311531097523,0.05185728694879207,False,0.9480464213163086
business_age,under_2y,27882,1335,0.6656581804104346,0.047880352915859695,0.04847600278009679,False,0.9877124797822304
processing,express,143900,6414,0.6460141774970463,0.044572619874913136,0.045121155699243375,False,0.9878430457768741
processing,general,21114,526,0.6768112548119507,0.02491238041110164,0.028191616193873874,False,0.8836804615875544
processing,other,2,0,,0.0,0.05651804440655587,True,0.0
processing,pilot_initiative,21343,1232,0.6105952668856677,0.05772384388324041,0.06590186399762475,False,0.8759060879571009
processing,preferred_lender,113616,3915,0.7563814822184202,0.03445817490494297,0.024301719961674715,False,1.4179315274509623
processing,working_capital_trade,4314,47,0.552812529606231,0.010894761242466388,0.029726134440056763,True,0.36650447317446716
business_type,corporation,271729,10659,0.6813798720043039,0.03922658236699064,0.036596889053304625,False,1.0718556517155264
business_type,individual,27631,1373,0.6872527927118192,0.04969056494517028,0.04681910662040891,False,1.0613309080850695
business_type,partnership,4924,102,0.6937504574621222,0.020714865962632008,0.029607793705169194,False,0.6996423363695424
business_type,unknown,5,0,,0.0,0.049558234109388054,True,0.0
sector,23,33956,1542,0.650707775306774,0.04541170927082106,0.04469043188381651,False,1.0161394141117206
sector,42,14262,702,0.6986953625965425,0.049221708035338665,0.04085136330629278,False,1.2048975615890036
sector,44,28645,1102,0.7194237711657989,0.038470937336358875,0.03918319394116715,False,0.9818223954413283
sector,45,10999,557,0.6520440171012177,0.05064096736066915,0.06694953548611692,False,0.7564050593177063
sector,48,17509,1060,0.6468275298033831,0.060540293563310296,0.04291055231788962,False,1.4108486209829265
sector,54,28535,1106,0.6629345915415219,0.038759418258279305,0.03520563811662111,False,1.1009434946154377
sector,56,15021,692,0.6746812216786605,0.04606883696158711,0.03955456975657661,False,1.1646906348646957
sector,62,26545,642,0.7002922357229457,0.02418534563948013,0.020158315963255978,False,1.1997701436749235
sector,72,41015,1587,0.6830924980849334,0.0386931610386444,0.03926951399239933,False,0.9853231452299999
sector,81,27953,1168,0.6753277621649819,0.04178442385432691,0.03766247258745663,False,1.1094445208635368
