dec,predicted,observed,loans
0,0.01038845811675726,0.0069337189050639155,30431
1,0.01582866002609644,0.011830430496220835,30430
2,0.020025313206410163,0.018699881687919022,30428
3,0.024209008586235096,0.025338504009464965,30428
4,0.028763693232394135,0.03243616287094548,30429
5,0.03407708092852474,0.04124490600762456,30428
6,0.040727924641128926,0.04781937095342952,30427
7,0.04949667135390728,0.05879259916526997,30429
8,0.061740918796513916,0.07328535278845838,30429
9,0.08886451190642457,0.08238580348340453,30430
